host,signal
$teamcommunity.com,homoglyph
$teampowered.com,homoglyph
0steamcommunity.com,edit_distance
0steampowered.com,edit_distance
0teamcommunity.com,edit_distance
0teampowered.com,edit_distance
1steamcommunity.com,edit_distance
1steampowered.com,edit_distance
1teamcommunity.com,edit_distance
1teampowered.com,edit_distance
2steamcommunity.com,edit_distance
2steampowered.com,edit_distance
2teamcommunity.com,edit_distance
2teampowered.com,edit_distance
3steamcommunity.com,edit_distance
3steampowered.com,edit_distance
3teamcommunity.com,edit_distance
3teampowered.com,edit_distance
4steamcommunity.com,edit_distance
4steampowered.com,edit_distance
4teamcommunity.com,edit_distance
4teampowered.com,edit_distance
5steamcommunity.com,edit_distance
5steampowered.com,edit_distance
5teamcommunity.com,homoglyph
5teampowered.com,homoglyph
6steamcommunity.com,edit_distance
6steampowered.com,edit_distance
6teamcommunity.com,edit_distance
6teampowered.com,edit_distance
7steamcommunity.com,edit_distance
7steampowered.com,edit_distance
7teamcommunity.com,edit_distance
7teampowered.com,edit_distance
8steamcommunity.com,edit_distance
8steampowered.com,edit_distance
8teamcommunity.com,edit_distance
8teampowered.com,edit_distance
9steamcommunity.com,edit_distance
9steampowered.com,edit_distance
9teamcommunity.com,edit_distance
9teampowered.com,edit_distance
asteamcommunity.com,edit_distance
asteampowered.com,edit_distance
ateamcommunity.com,edit_distance
ateampowered.com,edit_distance
bsteamcommunity.com,edit_distance
bsteampowered.com,edit_distance
bteamcommunity.com,edit_distance
bteampowered.com,edit_distance
csteamcommunity.com,edit_distance
csteampowered.com,edit_distance
cteamcommunity.com,edit_distance
cteampowered.com,edit_distance
dsteamcommunity.com,edit_distance
dsteampowered.com,edit_distance
dteamcommunity.com,edit_distance
dteampowered.com,edit_distance
esteamcommunity.com,edit_distance
esteampowered.com,edit_distance
eteamcommunity.com,edit_distance
eteampowered.com,edit_distance
fsteamcommunity.com,edit_distance
fsteampowered.com,edit_distance
fteamcommunity.com,edit_distance
fteampowered.com,edit_distance
gsteamcommunity.com,edit_distance
gsteampowered.com,edit_distance
gteamcommunity.com,edit_distance
gteampowered.com,edit_distance
hsteamcommunity.com,edit_distance
hsteampowered.com,edit_distance
hteamcommunity.com,edit_distance
hteampowered.com,edit_distance
isteamcommunity.com,edit_distance
isteampowered.com,edit_distance
iteamcommunity.com,edit_distance
iteampowered.com,edit_distance
jsteamcommunity.com,edit_distance
jsteampowered.com,edit_distance
jteamcommunity.com,edit_distance
jteampowered.com,edit_distance
ksteamcommunity.com,edit_distance
ksteampowered.com,edit_distance
kteamcommunity.com,edit_distance
kteampowered.com,edit_distance
lsteamcommunity.com,edit_distance
lsteampowered.com,edit_distance
lteamcommunity.com,edit_distance
lteampowered.com,edit_distance
msteamcommunity.com,edit_distance
msteampowered.com,edit_distance
mteamcommunity.com,edit_distance
mteampowered.com,edit_distance
nsteamcommunity.com,edit_distance
nsteampowered.com,edit_distance
nteamcommunity.com,edit_distance
nteampowered.com,edit_distance
osteamcommunity.com,edit_distance
osteampowered.com,edit_distance
oteamcommunity.com,edit_distance
oteampowered.com,edit_distance
psteamcommunity.com,edit_distance
psteampowered.com,edit_distance
pteamcommunity.com,edit_distance
pteampowered.com,edit_distance
qsteamcommunity.com,edit_distance
qsteampowered.com,edit_distance
qteamcommunity.com,edit_distance
qteampowered.com,edit_distance
rsteamcommunity.com,edit_distance
rsteampowered.com,edit_distance
rteamcommunity.com,edit_distance
rteampowered.com,edit_distance
s-eamcommunity.com,edit_distance
s-eampowered.com,edit_distance
s-teamcommunity.com,edit_distance
s-teampowered.com,edit_distance
s.teamcommunity.com,edit_distance
s.teampowered.com,edit_distance
s0eamcommunity.com,edit_distance
s0eampowered.com,edit_distance
s0teamcommunity.com,edit_distance
s0teampowered.com,edit_distance
s1eamcommunity.com,edit_distance
s1eampowered.com,edit_distance
s1teamcommunity.com,edit_distance
s1teampowered.com,edit_distance
s2eamcommunity.com,edit_distance
s2eampowered.com,edit_distance
s2teamcommunity.com,edit_distance
s2teampowered.com,edit_distance
s3eamcommunity.com,edit_distance
s3eampowered.com,edit_distance
s3teamcommunity.com,edit_distance
s3teampowered.com,edit_distance
s4eamcommunity.com,edit_distance
s4eampowered.com,edit_distance
s4teamcommunity.com,edit_distance
s4teampowered.com,edit_distance
s5eamcommunity.com,edit_distance
s5eampowered.com,edit_distance
s5teamcommunity.com,edit_distance
s5teampowered.com,edit_distance
s6eamcommunity.com,edit_distance
s6eampowered.com,edit_distance
s6teamcommunity.com,edit_distance
s6teampowered.com,edit_distance
s7eamcommunity.com,homoglyph
s7eampowered.com,homoglyph
s7teamcommunity.com,edit_distance
s7teampowered.com,edit_distance
s8eamcommunity.com,edit_distance
s8eampowered.com,edit_distance
s8teamcommunity.com,edit_distance
s8teampowered.com,edit_distance
s9eamcommunity.com,edit_distance
s9eampowered.com,edit_distance
s9teamcommunity.com,edit_distance
s9teampowered.com,edit_distance
saeamcommunity.com,edit_distance
saeampowered.com,edit_distance
sateamcommunity.com,edit_distance
sateampowered.com,edit_distance
sbeamcommunity.com,edit_distance
sbeampowered.com,edit_distance
sbteamcommunity.com,edit_distance
sbteampowered.com,edit_distance
sceamcommunity.com,edit_distance
sceampowered.com,edit_distance
scteamcommunity.com,edit_distance
scteampowered.com,edit_distance
sdeamcommunity.com,edit_distance
sdeampowered.com,edit_distance
sdteamcommunity.com,edit_distance
sdteampowered.com,edit_distance
seamcommunity.com,edit_distance
seampowered.com,edit_distance
seeamcommunity.com,edit_distance
seeampowered.com,edit_distance
setamcommunity.com,edit_distance
setampowered.com,edit_distance
seteamcommunity.com,edit_distance
seteampowered.com,edit_distance
sfeamcommunity.com,edit_distance
sfeampowered.com,edit_distance
sfteamcommunity.com,edit_distance
sfteampowered.com,edit_distance
sgeamcommunity.com,edit_distance
sgeampowered.com,edit_distance
sgteamcommunity.com,edit_distance
sgteampowered.com,edit_distance
sheamcommunity.com,edit_distance
sheampowered.com,edit_distance
shteamcommunity.com,edit_distance
shteampowered.com,edit_distance
sieamcommunity.com,edit_distance
sieampowered.com,edit_distance
siteamcommunity.com,edit_distance
siteampowered.com,edit_distance
sjeamcommunity.com,edit_distance
sjeampowered.com,edit_distance
sjteamcommunity.com,edit_distance
sjteampowered.com,edit_distance
skeamcommunity.com,edit_distance
skeampowered.com,edit_distance
skteamcommunity.com,edit_distance
skteampowered.com,edit_distance
sleamcommunity.com,edit_distance
sleampowered.com,edit_distance
slteamcommunity.com,edit_distance
slteampowered.com,edit_distance
smeamcommunity.com,edit_distance
smeampowered.com,edit_distance
smteamcommunity.com,edit_distance
smteampowered.com,edit_distance
sneamcommunity.com,edit_distance
sneampowered.com,edit_distance
snteamcommunity.com,edit_distance
snteampowered.com,edit_distance
soeamcommunity.com,edit_distance
soeampowered.com,edit_distance
soteamcommunity.com,edit_distance
soteampowered.com,edit_distance
speamcommunity.com,edit_distance
speampowered.com,edit_distance
spteamcommunity.com,edit_distance
spteampowered.com,edit_distance
sqeamcommunity.com,edit_distance
sqeampowered.com,edit_distance
sqteamcommunity.com,edit_distance
sqteampowered.com,edit_distance
sreamcommunity.com,edit_distance
sreampowered.com,edit_distance
srteamcommunity.com,edit_distance
srteampowered.com,edit_distance
sseamcommunity.com,edit_distance
sseampowered.com,edit_distance
ssteamcommunity.com,edit_distance
ssteampowered.com,edit_distance
st-amcommunity.com,edit_distance
st-ampowered.com,edit_distance
st-eamcommunity.com,edit_distance
st-eampowered.com,edit_distance
st.eamcommunity.com,edit_distance
st.eampowered.com,edit_distance
st0amcommunity.com,edit_distance
st0ampowered.com,edit_distance
st0eamcommunity.com,edit_distance
st0eampowered.com,edit_distance
st1amcommunity.com,edit_distance
st1ampowered.com,edit_distance
st1eamcommunity.com,edit_distance
st1eampowered.com,edit_distance
st2amcommunity.com,edit_distance
st2ampowered.com,edit_distance
st2eamcommunity.com,edit_distance
st2eampowered.com,edit_distance
st3amcommunity.com,homoglyph
st3ampowered.com,homoglyph
st3eamcommunity.com,edit_distance
st3eampowered.com,edit_distance
st4amcommunity.com,edit_distance
st4ampowered.com,edit_distance
st4eamcommunity.com,edit_distance
st4eampowered.com,edit_distance
st5amcommunity.com,edit_distance
st5ampowered.com,edit_distance
st5eamcommunity.com,edit_distance
st5eampowered.com,edit_distance
st6amcommunity.com,edit_distance
st6ampowered.com,edit_distance
st6eamcommunity.com,edit_distance
st6eampowered.com,edit_distance
st7amcommunity.com,edit_distance
st7ampowered.com,edit_distance
st7eamcommunity.com,edit_distance
st7eampowered.com,edit_distance
st8amcommunity.com,edit_distance
st8ampowered.com,edit_distance
st8eamcommunity.com,edit_distance
st8eampowered.com,edit_distance
st9amcommunity.com,edit_distance
st9ampowered.com,edit_distance
st9eamcommunity.com,edit_distance
st9eampowered.com,edit_distance
staamcommunity.com,edit_distance
staampowered.com,edit_distance
staeamcommunity.com,edit_distance
staeampowered.com,edit_distance
staemcommunity.com,edit_distance
staempowered.com,edit_distance
stamcommunity.com,edit_distance
stampowered.com,edit_distance
stbamcommunity.com,edit_distance
stbampowered.com,edit_distance
stbeamcommunity.com,edit_distance
stbeampowered.com,edit_distance
stcamcommunity.com,edit_distance
stcampowered.com,edit_distance
stceamcommunity.com,edit_distance
stceampowered.com,edit_distance
stdamcommunity.com,edit_distance
stdampowered.com,edit_distance
stdeamcommunity.com,edit_distance
stdeampowered.com,edit_distance
ste-amcommunity.com,edit_distance
ste-ampowered.com,edit_distance
ste-mcommunity.com,edit_distance
ste-mpowered.com,edit_distance
ste0amcommunity.com,edit_distance
ste0ampowered.com,edit_distance
ste0mcommunity.com,edit_distance
ste0mpowered.com,edit_distance
ste1amcommunity.com,edit_distance
ste1ampowered.com,edit_distance
ste1mcommunity.com,edit_distance
ste1mpowered.com,edit_distance
ste2amcommunity.com,edit_distance
ste2ampowered.com,edit_distance
ste2mcommunity.com,edit_distance
ste2mpowered.com,edit_distance
ste3amcommunity.com,edit_distance
ste3ampowered.com,edit_distance
ste3mcommunity.com,edit_distance
ste3mpowered.com,edit_distance
ste4amcommunity.com,edit_distance
ste4ampowered.com,edit_distance
ste4mcommunity.com,homoglyph
ste4mpowered.com,homoglyph
ste5amcommunity.com,edit_distance
ste5ampowered.com,edit_distance
ste5mcommunity.com,edit_distance
ste5mpowered.com,edit_distance
ste6amcommunity.com,edit_distance
ste6ampowered.com,edit_distance
ste6mcommunity.com,edit_distance
ste6mpowered.com,edit_distance
ste7amcommunity.com,edit_distance
ste7ampowered.com,edit_distance
ste7mcommunity.com,edit_distance
ste7mpowered.com,edit_distance
ste8amcommunity.com,edit_distance
ste8ampowered.com,edit_distance
ste8mcommunity.com,edit_distance
ste8mpowered.com,edit_distance
ste9amcommunity.com,edit_distance
ste9ampowered.com,edit_distance
ste9mcommunity.com,edit_distance
ste9mpowered.com,edit_distance
stea-community.com,edit_distance
stea-mcommunity.com,edit_distance
stea-mpowered.com,edit_distance
stea-powered.com,edit_distance
stea0community.com,edit_distance
stea0mcommunity.com,edit_distance
stea0mpowered.com,edit_distance
stea0powered.com,edit_distance
stea1community.com,edit_distance
stea1mcommunity.com,edit_distance
stea1mpowered.com,edit_distance
stea1powered.com,edit_distance
stea2community.com,edit_distance
stea2mcommunity.com,edit_distance
stea2mpowered.com,edit_distance
stea2powered.com,edit_distance
stea3community.com,edit_distance
stea3mcommunity.com,edit_distance
stea3mpowered.com,edit_distance
stea3powered.com,edit_distance
stea4community.com,edit_distance
stea4mcommunity.com,edit_distance
stea4mpowered.com,edit_distance
stea4powered.com,edit_distance
stea5community.com,edit_distance
stea5mcommunity.com,edit_distance
stea5mpowered.com,edit_distance
stea5powered.com,edit_distance
stea6community.com,edit_distance
stea6mcommunity.com,edit_distance
stea6mpowered.com,edit_distance
stea6powered.com,edit_distance
stea7community.com,edit_distance
stea7mcommunity.com,edit_distance
stea7mpowered.com,edit_distance
stea7powered.com,edit_distance
stea8community.com,edit_distance
stea8mcommunity.com,edit_distance
stea8mpowered.com,edit_distance
stea8powered.com,edit_distance
stea9community.com,edit_distance
stea9mcommunity.com,edit_distance
stea9mpowered.com,edit_distance
stea9powered.com,edit_distance
steaacommunity.com,edit_distance
steaamcommunity.com,edit_distance
steaampowered.com,edit_distance
steaapowered.com,edit_distance
steabcommunity.com,edit_distance
steabmcommunity.com,edit_distance
steabmpowered.com,edit_distance
steabpowered.com,edit_distance
steaccommunity.com,edit_distance
steacmcommunity.com,edit_distance
steacmommunity.com,edit_distance
steacmpowered.com,edit_distance
steacommunity.com,edit_distance
steacpowered.com,edit_distance
steadcommunity.com,edit_distance
steadmcommunity.com,edit_distance
steadmpowered.com,edit_distance
steadpowered.com,edit_distance
steaecommunity.com,edit_distance
steaemcommunity.com,edit_distance
steaempowered.com,edit_distance
steaepowered.com,edit_distance
steafcommunity.com,edit_distance
steafmcommunity.com,edit_distance
steafmpowered.com,edit_distance
steafpowered.com,edit_distance
steagcommunity.com,edit_distance
steagmcommunity.com,edit_distance
steagmpowered.com,edit_distance
steagpowered.com,edit_distance
steahcommunity.com,edit_distance
steahmcommunity.com,edit_distance
steahmpowered.com,edit_distance
steahpowered.com,edit_distance
steaicommunity.com,edit_distance
steaimcommunity.com,edit_distance
steaimpowered.com,edit_distance
steaipowered.com,edit_distance
steajcommunity.com,edit_distance
steajmcommunity.com,edit_distance
steajmpowered.com,edit_distance
steajpowered.com,edit_distance
steakcommunity.com,edit_distance
steakmcommunity.com,edit_distance
steakmpowered.com,edit_distance
steakpowered.com,edit_distance
stealcommunity.com,edit_distance
stealmcommunity.com,edit_distance
stealmpowered.com,edit_distance
stealpowered.com,edit_distance
steam-community.com,edit_distance
steam-ommunity.com,edit_distance
steam-owered.com,edit_distance
steam-powered.com,edit_distance
steam(ommunity.com,edit_distance
steam0community.com,edit_distance
steam0ommunity.com,edit_distance
steam0owered.com,edit_distance
steam0powered.com,edit_distance
steam1community.com,edit_distance
steam1ommunity.com,edit_distance
steam1owered.com,edit_distance
steam1powered.com,edit_distance
steam2community.com,edit_distance
steam2ommunity.com,edit_distance
steam2owered.com,edit_distance
steam2powered.com,edit_distance
steam3community.com,edit_distance
steam3ommunity.com,edit_distance
steam3owered.com,edit_distance
steam3powered.com,edit_distance
steam4community.com,edit_distance
steam4ommunity.com,edit_distance
steam4owered.com,edit_distance
steam4powered.com,edit_distance
steam5community.com,edit_distance
steam5ommunity.com,edit_distance
steam5owered.com,edit_distance
steam5powered.com,edit_distance
steam6community.com,edit_distance
steam6ommunity.com,edit_distance
steam6owered.com,edit_distance
steam6powered.com,edit_distance
steam7community.com,edit_distance
steam7ommunity.com,edit_distance
steam7owered.com,edit_distance
steam7powered.com,edit_distance
steam8community.com,edit_distance
steam8ommunity.com,edit_distance
steam8owered.com,edit_distance
steam8powered.com,edit_distance
steam9community.com,edit_distance
steam9ommunity.com,edit_distance
steam9owered.com,edit_distance
steam9powered.com,edit_distance
steamacommunity.com,edit_distance
steamaommunity.com,edit_distance
steamaowered.com,edit_distance
steamapowered.com,edit_distance
steambcommunity.com,edit_distance
steambommunity.com,edit_distance
steambowered.com,edit_distance
steambpowered.com,edit_distance
steamc-mmunity.com,edit_distance
steamc-ommunity.com,edit_distance
steamc0mmunity.com,homoglyph
steamc0ommunity.com,edit_distance
steamc1mmunity.com,edit_distance
steamc1ommunity.com,edit_distance
steamc2mmunity.com,edit_distance
steamc2ommunity.com,edit_distance
steamc3mmunity.com,edit_distance
steamc3ommunity.com,edit_distance
steamc4mmunity.com,edit_distance
steamc4ommunity.com,edit_distance
steamc5mmunity.com,edit_distance
steamc5ommunity.com,edit_distance
steamc6mmunity.com,edit_distance
steamc6ommunity.com,edit_distance
steamc7mmunity.com,edit_distance
steamc7ommunity.com,edit_distance
steamc8mmunity.com,edit_distance
steamc8ommunity.com,edit_distance
steamc9mmunity.com,edit_distance
steamc9ommunity.com,edit_distance
steamcammunity.com,edit_distance
steamcaommunity.com,edit_distance
steamcbmmunity.com,edit_distance
steamcbommunity.com,edit_distance
steamccmmunity.com,edit_distance
steamccommunity.com,edit_distance
steamcdmmunity.com,edit_distance
steamcdommunity.com,edit_distance
steamcemmunity.com,edit_distance
steamceommunity.com,edit_distance
steamcfmmunity.com,edit_distance
steamcfommunity.com,edit_distance
steamcgmmunity.com,edit_distance
steamcgommunity.com,edit_distance
steamchmmunity.com,edit_distance
steamchommunity.com,edit_distance
steamcimmunity.com,edit_distance
steamciommunity.com,edit_distance
steamcjmmunity.com,edit_distance
steamcjommunity.com,edit_distance
steamckmmunity.com,edit_distance
steamckommunity.com,edit_distance
steamclmmunity.com,edit_distance
steamclommunity.com,edit_distance
steamcmmmunity.com,edit_distance
steamcmmunity.com,edit_distance
steamcmommunity.com,edit_distance
steamcmomunity.com,edit_distance
steamcnmmunity.com,edit_distance
steamcnommunity.com,edit_distance
steamco-mmunity.com,edit_distance
steamco-munity.com,edit_distance
steamco0mmunity.com,edit_distance
steamco0munity.com,edit_distance
steamco1mmunity.com,edit_distance
steamco1munity.com,edit_distance
steamco2mmunity.com,edit_distance
steamco2munity.com,edit_distance
steamco3mmunity.com,edit_distance
steamco3munity.com,edit_distance
steamco4mmunity.com,edit_distance
steamco4munity.com,edit_distance
steamco5mmunity.com,edit_distance
steamco5munity.com,edit_distance
steamco6mmunity.com,edit_distance
steamco6munity.com,edit_distance
steamco7mmunity.com,edit_distance
steamco7munity.com,edit_distance
steamco8mmunity.com,edit_distance
steamco8munity.com,edit_distance
steamco9mmunity.com,edit_distance
steamco9munity.com,edit_distance
steamcoammunity.com,edit_distance
steamcoamunity.com,edit_distance
steamcobmmunity.com,edit_distance
steamcobmunity.com,edit_distance
steamcocmmunity.com,edit_distance
steamcocmunity.com,edit_distance
steamcodmmunity.com,edit_distance
steamcodmunity.com,edit_distance
steamcoemmunity.com,edit_distance
steamcoemunity.com,edit_distance
steamcofmmunity.com,edit_distance
steamcofmunity.com,edit_distance
steamcogmmunity.com,edit_distance
steamcogmunity.com,edit_distance
steamcohmmunity.com,edit_distance
steamcohmunity.com,edit_distance
steamcoimmunity.com,edit_distance
steamcoimunity.com,edit_distance
steamcojmmunity.com,edit_distance
steamcojmunity.com,edit_distance
steamcokmmunity.com,edit_distance
steamcokmunity.com,edit_distance
steamcolmmunity.com,edit_distance
steamcolmunity.com,edit_distance
steamcom-munity.com,edit_distance
steamcom-unity.com,edit_distance
steamcom0munity.com,edit_distance
steamcom0unity.com,edit_distance
steamcom1munity.com,edit_distance
steamcom1unity.com,edit_distance
steamcom2munity.com,edit_distance
steamcom2unity.com,edit_distance
steamcom3munity.com,edit_distance
steamcom3unity.com,edit_distance
steamcom4munity.com,edit_distance
steamcom4unity.com,edit_distance
steamcom5munity.com,edit_distance
steamcom5unity.com,edit_distance
steamcom6munity.com,edit_distance
steamcom6unity.com,edit_distance
steamcom7munity.com,edit_distance
steamcom7unity.com,edit_distance
steamcom8munity.com,edit_distance
steamcom8unity.com,edit_distance
steamcom9munity.com,edit_distance
steamcom9unity.com,edit_distance
steamcomamunity.com,edit_distance
steamcomaunity.com,edit_distance
steamcombmunity.com,edit_distance
steamcombunity.com,edit_distance
steamcomcmunity.com,edit_distance
steamcomcunity.com,edit_distance
steamcomdmunity.com,edit_distance
steamcomdunity.com,edit_distance
steamcomemunity.com,edit_distance
steamcomeunity.com,edit_distance
steamcomfmunity.com,edit_distance
steamcomfunity.com,edit_distance
steamcomgmunity.com,edit_distance
steamcomgunity.com,edit_distance
steamcomhmunity.com,edit_distance
steamcomhunity.com,edit_distance
steamcomimunity.com,edit_distance
steamcomiunity.com,edit_distance
steamcomjmunity.com,edit_distance
steamcomjunity.com,edit_distance
steamcomkmunity.com,edit_distance
steamcomkunity.com,edit_distance
steamcomlmunity.com,edit_distance
steamcomlunity.com,edit_distance
steamcomm-nity.com,edit_distance
steamcomm-unity.com,edit_distance
steamcomm0nity.com,edit_distance
steamcomm0unity.com,edit_distance
steamcomm1nity.com,edit_distance
steamcomm1unity.com,edit_distance
steamcomm2nity.com,edit_distance
steamcomm2unity.com,edit_distance
steamcomm3nity.com,edit_distance
steamcomm3unity.com,edit_distance
steamcomm4nity.com,edit_distance
steamcomm4unity.com,edit_distance
steamcomm5nity.com,edit_distance
steamcomm5unity.com,edit_distance
steamcomm6nity.com,edit_distance
steamcomm6unity.com,edit_distance
steamcomm7nity.com,edit_distance
steamcomm7unity.com,edit_distance
steamcomm8nity.com,edit_distance
steamcomm8unity.com,edit_distance
steamcomm9nity.com,edit_distance
steamcomm9unity.com,edit_distance
steamcommanity.com,edit_distance
steamcommaunity.com,edit_distance
steamcommbnity.com,edit_distance
steamcommbunity.com,edit_distance
steamcommcnity.com,edit_distance
steamcommcunity.com,edit_distance
steamcommdnity.com,edit_distance
steamcommdunity.com,edit_distance
steamcommenity.com,edit_distance
steamcommeunity.com,edit_distance
steamcommfnity.com,edit_distance
steamcommfunity.com,edit_distance
steamcommgnity.com,edit_distance
steamcommgunity.com,edit_distance
steamcommhnity.com,edit_distance
steamcommhunity.com,edit_distance
steamcomminity.com,edit_distance
steamcommiunity.com,edit_distance
steamcommjnity.com,edit_distance
steamcommjunity.com,edit_distance
steamcommknity.com,edit_distance
steamcommkunity.com,edit_distance
steamcommlnity.com,edit_distance
steamcommlunity.com,edit_distance
steamcommmnity.com,edit_distance
steamcommmunity.com,edit_distance
steamcommnity.com,edit_distance
steamcommnnity.com,edit_distance
steamcommnuity.com,edit_distance
steamcommnunity.com,edit_distance
steamcommonity.com,edit_distance
steamcommounity.com,edit_distance
steamcommpnity.com,edit_distance
steamcommpunity.com,edit_distance
steamcommqnity.com,edit_distance
steamcommqunity.com,edit_distance
steamcommrnity.com,edit_distance
steamcommrunity.com,edit_distance
steamcommsnity.com,edit_distance
steamcommsunity.com,edit_distance
steamcommtnity.com,edit_distance
steamcommtunity.com,edit_distance
steamcommu-ity.com,edit_distance
steamcommu-nity.com,edit_distance
steamcommu0ity.com,edit_distance
steamcommu0nity.com,edit_distance
steamcommu1ity.com,edit_distance
steamcommu1nity.com,edit_distance
steamcommu2ity.com,edit_distance
steamcommu2nity.com,edit_distance
steamcommu3ity.com,edit_distance
steamcommu3nity.com,edit_distance
steamcommu4ity.com,edit_distance
steamcommu4nity.com,edit_distance
steamcommu5ity.com,edit_distance
steamcommu5nity.com,edit_distance
steamcommu6ity.com,edit_distance
steamcommu6nity.com,edit_distance
steamcommu7ity.com,edit_distance
steamcommu7nity.com,edit_distance
steamcommu8ity.com,edit_distance
steamcommu8nity.com,edit_distance
steamcommu9ity.com,edit_distance
steamcommu9nity.com,edit_distance
steamcommuaity.com,edit_distance
steamcommuanity.com,edit_distance
steamcommubity.com,edit_distance
steamcommubnity.com,edit_distance
steamcommucity.com,edit_distance
steamcommucnity.com,edit_distance
steamcommudity.com,edit_distance
steamcommudnity.com,edit_distance
steamcommueity.com,edit_distance
steamcommuenity.com,edit_distance
steamcommufity.com,edit_distance
steamcommufnity.com,edit_distance
steamcommugity.com,edit_distance
steamcommugnity.com,edit_distance
steamcommuhity.com,edit_distance
steamcommuhnity.com,edit_distance
steamcommuiity.com,edit_distance
steamcommuinity.com,edit_distance
steamcommuinty.com,edit_distance
steamcommuity.com,edit_distance
steamcommujity.com,edit_distance
steamcommujnity.com,edit_distance
steamcommukity.com,edit_distance
steamcommuknity.com,edit_distance
steamcommulity.com,edit_distance
steamcommulnity.com,edit_distance
steamcommumity.com,edit_distance
steamcommumnity.com,edit_distance
steamcommun-ity.com,edit_distance
steamcommun-ty.com,edit_distance
steamcommun!ty.com,homoglyph
steamcommun.ity.com,edit_distance
steamcommun0ity.com,edit_distance
steamcommun0ty.com,edit_distance
steamcommun1ity.com,edit_distance
steamcommun1ty.com,homoglyph
steamcommun2ity.com,edit_distance
steamcommun2ty.com,edit_distance
steamcommun3ity.com,edit_distance
steamcommun3ty.com,edit_distance
steamcommun4ity.com,edit_distance
steamcommun4ty.com,edit_distance
steamcommun5ity.com,edit_distance
steamcommun5ty.com,edit_distance
steamcommun6ity.com,edit_distance
steamcommun6ty.com,edit_distance
steamcommun7ity.com,edit_distance
steamcommun7ty.com,edit_distance
steamcommun8ity.com,edit_distance
steamcommun8ty.com,edit_distance
steamcommun9ity.com,edit_distance
steamcommun9ty.com,edit_distance
steamcommunaity.com,edit_distance
steamcommunaty.com,edit_distance
steamcommunbity.com,edit_distance
steamcommunbty.com,edit_distance
steamcommuncity.com,edit_distance
steamcommuncty.com,edit_distance
steamcommundity.com,edit_distance
steamcommundty.com,edit_distance
steamcommuneity.com,edit_distance
steamcommunety.com,edit_distance
steamcommunfity.com,edit_distance
steamcommunfty.com,edit_distance
steamcommungity.com,edit_distance
steamcommungty.com,edit_distance
steamcommunhity.com,edit_distance
steamcommunhty.com,edit_distance
steamcommuni-ty.com,edit_distance
steamcommuni-y.com,edit_distance
steamcommuni.ty.com,edit_distance
steamcommuni0ty.com,edit_distance
steamcommuni0y.com,edit_distance
steamcommuni1ty.com,edit_distance
steamcommuni1y.com,edit_distance
steamcommuni2ty.com,edit_distance
steamcommuni2y.com,edit_distance
steamcommuni3ty.com,edit_distance
steamcommuni3y.com,edit_distance
steamcommuni4ty.com,edit_distance
steamcommuni4y.com,edit_distance
steamcommuni5ty.com,edit_distance
steamcommuni5y.com,edit_distance
steamcommuni6ty.com,edit_distance
steamcommuni6y.com,edit_distance
steamcommuni7ty.com,edit_distance
steamcommuni7y.com,homoglyph
steamcommuni8ty.com,edit_distance
steamcommuni8y.com,edit_distance
steamcommuni9ty.com,edit_distance
steamcommuni9y.com,edit_distance
steamcommuniaty.com,edit_distance
steamcommuniay.com,edit_distance
steamcommunibty.com,edit_distance
steamcommuniby.com,edit_distance
steamcommunicty.com,edit_distance
steamcommunicy.com,edit_distance
steamcommunidty.com,edit_distance
steamcommunidy.com,edit_distance
steamcommuniety.com,edit_distance
steamcommuniey.com,edit_distance
steamcommunifty.com,edit_distance
steamcommunify.com,edit_distance
steamcommunigty.com,edit_distance
steamcommunigy.com,edit_distance
steamcommunihty.com,edit_distance
steamcommunihy.com,edit_distance
steamcommuniity.com,edit_distance
steamcommuniiy.com,edit_distance
steamcommunijty.com,edit_distance
steamcommunijy.com,edit_distance
steamcommunikty.com,edit_distance
steamcommuniky.com,edit_distance
steamcommunilty.com,edit_distance
steamcommunily.com,edit_distance
steamcommunimty.com,edit_distance
steamcommunimy.com,edit_distance
steamcommuninty.com,edit_distance
steamcommuniny.com,edit_distance
steamcommunioty.com,edit_distance
steamcommunioy.com,edit_distance
steamcommunipty.com,edit_distance
steamcommunipy.com,edit_distance
steamcommuniqty.com,edit_distance
steamcommuniqy.com,edit_distance
steamcommunirty.com,edit_distance
steamcommuniry.com,edit_distance
steamcommunisty.com,edit_distance
steamcommunisy.com,edit_distance
steamcommunit-y.com,edit_distance
steamcommunit.com,edit_distance
steamcommunit.y.com,edit_distance
steamcommunit0.com,edit_distance
steamcommunit0y.com,edit_distance
steamcommunit1.com,edit_distance
steamcommunit1y.com,edit_distance
steamcommunit2.com,edit_distance
steamcommunit2y.com,edit_distance
steamcommunit3.com,edit_distance
steamcommunit3y.com,edit_distance
steamcommunit4.com,edit_distance
steamcommunit4y.com,edit_distance
steamcommunit5.com,edit_distance
steamcommunit5y.com,edit_distance
steamcommunit6.com,edit_distance
steamcommunit6y.com,edit_distance
steamcommunit7.com,edit_distance
steamcommunit7y.com,edit_distance
steamcommunit8.com,edit_distance
steamcommunit8y.com,edit_distance
steamcommunit9.com,edit_distance
steamcommunit9y.com,edit_distance
steamcommunita.com,edit_distance
steamcommunitay.com,edit_distance
steamcommunitb.com,edit_distance
steamcommunitby.com,edit_distance
steamcommunitc.com,edit_distance
steamcommunitcy.com,edit_distance
steamcommunitd.com,edit_distance
steamcommunitdy.com,edit_distance
steamcommunite.com,edit_distance
steamcommunitey.com,edit_distance
steamcommunitf.com,edit_distance
steamcommunitfy.com,edit_distance
steamcommunitg.com,edit_distance
steamcommunitgy.com,edit_distance
steamcommunith.com,edit_distance
steamcommunithy.com,edit_distance
steamcommuniti.com,edit_distance
steamcommunitiy.com,edit_distance
steamcommunitj.com,edit_distance
steamcommunitjy.com,edit_distance
steamcommunitk.com,edit_distance
steamcommunitky.com,edit_distance
steamcommunitl.com,edit_distance
steamcommunitly.com,edit_distance
steamcommunitm.com,edit_distance
steamcommunitmy.com,edit_distance
steamcommunitn.com,edit_distance
steamcommunitny.com,edit_distance
steamcommunito.com,edit_distance
steamcommunitoy.com,edit_distance
steamcommunitp.com,edit_distance
steamcommunitpy.com,edit_distance
steamcommunitq.com,edit_distance
steamcommunitqy.com,edit_distance
steamcommunitr.com,edit_distance
steamcommunitry.com,edit_distance
steamcommunits.com,edit_distance
steamcommunitsy.com,edit_distance
steamcommunitt.com,edit_distance
steamcommunitty.com,edit_distance
steamcommunitu.com,edit_distance
steamcommunituy.com,edit_distance
steamcommunitv.com,edit_distance
steamcommunitvy.com,edit_distance
steamcommunitw.com,edit_distance
steamcommunitwy.com,edit_distance
steamcommunitx.com,edit_distance
steamcommunitxy.com,edit_distance
steamcommunity.app,edit_distance
steamcommunity.biz,edit_distance
steamcommunity.cc,edit_distance
steamcommunity.cf,edit_distance
steamcommunity.club,edit_distance
steamcommunity.cm,edit_distance
steamcommunity.cn,edit_distance
steamcommunity.co,edit_distance
steamcommunity.fun,edit_distance
steamcommunity.ga,edit_distance
steamcommunity.gq,edit_distance
steamcommunity.icu,edit_distance
steamcommunity.info,edit_distance
steamcommunity.io,edit_distance
steamcommunity.live,edit_distance
steamcommunity.ml,edit_distance
steamcommunity.net,edit_distance
steamcommunity.om,edit_distance
steamcommunity.online,edit_distance
steamcommunity.org,edit_distance
steamcommunity.pw,edit_distance
steamcommunity.ru,edit_distance
steamcommunity.shop,edit_distance
steamcommunity.site,edit_distance
steamcommunity.store,edit_distance
steamcommunity.su,edit_distance
steamcommunity.tk,edit_distance
steamcommunity.top,edit_distance
steamcommunity.vip,edit_distance
steamcommunity.xyz,edit_distance
steamcommunity0.com,edit_distance
steamcommunity1.com,edit_distance
steamcommunity2.com,edit_distance
steamcommunity3.com,edit_distance
steamcommunity4.com,edit_distance
steamcommunity5.com,edit_distance
steamcommunity6.com,edit_distance
steamcommunity7.com,edit_distance
steamcommunity8.com,edit_distance
steamcommunity9.com,edit_distance
steamcommunitya.com,edit_distance
steamcommunityb.com,edit_distance
steamcommunityc.com,edit_distance
steamcommunityd.com,edit_distance
steamcommunitye.com,edit_distance
steamcommunityf.com,edit_distance
steamcommunityg.com,edit_distance
steamcommunityh.com,edit_distance
steamcommunityi.com,edit_distance
steamcommunityj.com,edit_distance
steamcommunityk.com,edit_distance
steamcommunityl.com,edit_distance
steamcommunitym.com,edit_distance
steamcommunityn.com,edit_distance
steamcommunityo.com,edit_distance
steamcommunityp.com,edit_distance
steamcommunityq.com,edit_distance
steamcommunityr.com,edit_distance
steamcommunitys.com,edit_distance
steamcommunityt.com,edit_distance
steamcommunityu.com,edit_distance
steamcommunityv.com,edit_distance
steamcommunityw.com,edit_distance
steamcommunityx.com,edit_distance
steamcommunityy.com,edit_distance
steamcommunityz.com,edit_distance
steamcommunitz.com,edit_distance
steamcommunitzy.com,edit_distance
steamcommuniuty.com,edit_distance
steamcommuniuy.com,edit_distance
steamcommunivty.com,edit_distance
steamcommunivy.com,edit_distance
steamcommuniwty.com,edit_distance
steamcommuniwy.com,edit_distance
steamcommunixty.com,edit_distance
steamcommunixy.com,edit_distance
steamcommuniy.com,edit_distance
steamcommuniyt.com,edit_distance
steamcommuniyty.com,edit_distance
steamcommuniyy.com,edit_distance
steamcommunizty.com,edit_distance
steamcommunizy.com,edit_distance
steamcommunjity.com,edit_distance
steamcommunjty.com,edit_distance
steamcommunkity.com,edit_distance
steamcommunkty.com,edit_distance
steamcommunlity.com,edit_distance
steamcommunlty.com,homoglyph
steamcommunmity.com,edit_distance
steamcommunmty.com,edit_distance
steamcommunnity.com,edit_distance
steamcommunnty.com,edit_distance
steamcommunoity.com,edit_distance
steamcommunoty.com,edit_distance
steamcommunpity.com,edit_distance
steamcommunpty.com,edit_distance
steamcommunqity.com,edit_distance
steamcommunqty.com,edit_distance
steamcommunrity.com,edit_distance
steamcommunrty.com,edit_distance
steamcommunsity.com,edit_distance
steamcommunsty.com,edit_distance
steamcommuntity.com,edit_distance
steamcommuntiy.com,edit_distance
steamcommuntty.com,edit_distance
steamcommunty.com,edit_distance
steamcommunuity.com,edit_distance
steamcommunuty.com,edit_distance
steamcommunvity.com,edit_distance
steamcommunvty.com,edit_distance
steamcommunwity.com,edit_distance
steamcommunwty.com,edit_distance
steamcommunxity.com,edit_distance
steamcommunxty.com,edit_distance
steamcommunyity.com,edit_distance
steamcommunyty.com,edit_distance
steamcommunzity.com,edit_distance
steamcommunzty.com,edit_distance
steamcommuoity.com,edit_distance
steamcommuonity.com,edit_distance
steamcommupity.com,edit_distance
steamcommupnity.com,edit_distance
steamcommuqity.com,edit_distance
steamcommuqnity.com,edit_distance
steamcommurity.com,edit_distance
steamcommurnity.com,edit_distance
steamcommusity.com,edit_distance
steamcommusnity.com,edit_distance
steamcommutity.com,edit_distance
steamcommutnity.com,edit_distance
steamcommuuity.com,edit_distance
steamcommuunity.com,edit_distance
steamcommuvity.com,edit_distance
steamcommuvnity.com,edit_distance
steamcommuwity.com,edit_distance
steamcommuwnity.com,edit_distance
steamcommuxity.com,edit_distance
steamcommuxnity.com,edit_distance
steamcommuyity.com,edit_distance
steamcommuynity.com,edit_distance
steamcommuzity.com,edit_distance
steamcommuznity.com,edit_distance
steamcommvnity.com,edit_distance
steamcommvunity.com,edit_distance
steamcommwnity.com,edit_distance
steamcommwunity.com,edit_distance
steamcommxnity.com,edit_distance
steamcommxunity.com,edit_distance
steamcommynity.com,edit_distance
steamcommyunity.com,edit_distance
steamcommznity.com,edit_distance
steamcommzunity.com,edit_distance
steamcomnmunity.com,edit_distance
steamcomnunity.com,edit_distance
steamcomomunity.com,edit_distance
steamcomounity.com,edit_distance
steamcompmunity.com,edit_distance
steamcompunity.com,edit_distance
steamcomqmunity.com,edit_distance
steamcomqunity.com,edit_distance
steamcomrmunity.com,edit_distance
steamcomrnunity.com,homoglyph
steamcomrunity.com,edit_distance
steamcomsmunity.com,edit_distance
steamcomsunity.com,edit_distance
steamcomtmunity.com,edit_distance
steamcomtunity.com,edit_distance
steamcomumnity.com,edit_distance
steamcomumunity.com,edit_distance
steamcomunity.com,edit_distance
steamcomuunity.com,edit_distance
steamcomvmunity.com,edit_distance
steamcomvunity.com,edit_distance
steamcomwmunity.com,edit_distance
steamcomwunity.com,edit_distance
steamcomxmunity.com,edit_distance
steamcomxunity.com,edit_distance
steamcomymunity.com,edit_distance
steamcomyunity.com,edit_distance
steamcomzmunity.com,edit_distance
steamcomzunity.com,edit_distance
steamconmmunity.com,edit_distance
steamconmunity.com,edit_distance
steamcoommunity.com,edit_distance
steamcoomunity.com,edit_distance
steamcopmmunity.com,edit_distance
steamcopmunity.com,edit_distance
steamcoqmmunity.com,edit_distance
steamcoqmunity.com,edit_distance
steamcormmunity.com,edit_distance
steamcormunity.com,edit_distance
steamcornmunity.com,homoglyph
steamcosmmunity.com,edit_distance
steamcosmunity.com,edit_distance
steamcotmmunity.com,edit_distance
steamcotmunity.com,edit_distance
steamcoummunity.com,edit_distance
steamcoumunity.com,edit_distance
steamcovmmunity.com,edit_distance
steamcovmunity.com,edit_distance
steamcowered.com,edit_distance
steamcowmmunity.com,edit_distance
steamcowmunity.com,edit_distance
steamcoxmmunity.com,edit_distance
steamcoxmunity.com,edit_distance
steamcoymmunity.com,edit_distance
steamcoymunity.com,edit_distance
steamcozmmunity.com,edit_distance
steamcozmunity.com,edit_distance
steamcpmmunity.com,edit_distance
steamcpommunity.com,edit_distance
steamcpowered.com,edit_distance
steamcqmmunity.com,edit_distance
steamcqommunity.com,edit_distance
steamcrmmunity.com,edit_distance
steamcrommunity.com,edit_distance
steamcsmmunity.com,edit_distance
steamcsommunity.com,edit_distance
steamctmmunity.com,edit_distance
steamctommunity.com,edit_distance
steamcummunity.com,edit_distance
steamcuommunity.com,edit_distance
steamcvmmunity.com,edit_distance
steamcvommunity.com,edit_distance
steamcwmmunity.com,edit_distance
steamcwommunity.com,edit_distance
steamcxmmunity.com,edit_distance
steamcxommunity.com,edit_distance
steamcymmunity.com,edit_distance
steamcyommunity.com,edit_distance
steamczmmunity.com,edit_distance
steamczommunity.com,edit_distance
steamdcommunity.com,edit_distance
steamdommunity.com,edit_distance
steamdowered.com,edit_distance
steamdpowered.com,edit_distance
steamecommunity.com,edit_distance
steameommunity.com,edit_distance
steameowered.com,edit_distance
steamepowered.com,edit_distance
steamfcommunity.com,edit_distance
steamfommunity.com,edit_distance
steamfowered.com,edit_distance
steamfpowered.com,edit_distance
steamgcommunity.com,edit_distance
steamgommunity.com,edit_distance
steamgowered.com,edit_distance
steamgpowered.com,edit_distance
steamhcommunity.com,edit_distance
steamhommunity.com,edit_distance
steamhowered.com,edit_distance
steamhpowered.com,edit_distance
steamicommunity.com,edit_distance
steamiommunity.com,edit_distance
steamiowered.com,edit_distance
steamipowered.com,edit_distance
steamjcommunity.com,edit_distance
steamjommunity.com,edit_distance
steamjowered.com,edit_distance
steamjpowered.com,edit_distance
steamkcommunity.com,edit_distance
steamkommunity.com,edit_distance
steamkowered.com,edit_distance
steamkpowered.com,edit_distance
steamlcommunity.com,edit_distance
steamlommunity.com,edit_distance
steamlowered.com,edit_distance
steamlpowered.com,edit_distance
steammcommunity.com,edit_distance
steammommunity.com,edit_distance
steammowered.com,edit_distance
steammpowered.com,edit_distance
steamncommunity.com,edit_distance
steamnommunity.com,edit_distance
steamnowered.com,edit_distance
steamnpowered.com,edit_distance
steamocmmunity.com,edit_distance
steamocommunity.com,edit_distance
steamommunity.com,edit_distance
steamoommunity.com,edit_distance
steamoowered.com,edit_distance
steamopowered.com,edit_distance
steamopwered.com,edit_distance
steamowered.com,edit_distance
steamp-owered.com,edit_distance
steamp-wered.com,edit_distance
steamp0owered.com,edit_distance
steamp0wered.com,homoglyph
steamp1owered.com,edit_distance
steamp1wered.com,edit_distance
steamp2owered.com,edit_distance
steamp2wered.com,edit_distance
steamp3owered.com,edit_distance
steamp3wered.com,edit_distance
steamp4owered.com,edit_distance
steamp4wered.com,edit_distance
steamp5owered.com,edit_distance
steamp5wered.com,edit_distance
steamp6owered.com,edit_distance
steamp6wered.com,edit_distance
steamp7owered.com,edit_distance
steamp7wered.com,edit_distance
steamp8owered.com,edit_distance
steamp8wered.com,edit_distance
steamp9owered.com,edit_distance
steamp9wered.com,edit_distance
steampaowered.com,edit_distance
steampawered.com,edit_distance
steampbowered.com,edit_distance
steampbwered.com,edit_distance
steampcommunity.com,edit_distance
steampcowered.com,edit_distance
steampcwered.com,edit_distance
steampdowered.com,edit_distance
steampdwered.com,edit_distance
steampeowered.com,edit_distance
steampewered.com,edit_distance
steampfowered.com,edit_distance
steampfwered.com,edit_distance
steampgowered.com,edit_distance
steampgwered.com,edit_distance
steamphowered.com,edit_distance
steamphwered.com,edit_distance
steampiowered.com,edit_distance
steampiwered.com,edit_distance
steampjowered.com,edit_distance
steampjwered.com,edit_distance
steampkowered.com,edit_distance
steampkwered.com,edit_distance
steamplowered.com,edit_distance
steamplwered.com,edit_distance
steampmowered.com,edit_distance
steampmwered.com,edit_distance
steampnowered.com,edit_distance
steampnwered.com,edit_distance
steampo-ered.com,edit_distance
steampo-wered.com,edit_distance
steampo0ered.com,edit_distance
steampo0wered.com,edit_distance
steampo1ered.com,edit_distance
steampo1wered.com,edit_distance
steampo2ered.com,edit_distance
steampo2wered.com,edit_distance
steampo3ered.com,edit_distance
steampo3wered.com,edit_distance
steampo4ered.com,edit_distance
steampo4wered.com,edit_distance
steampo5ered.com,edit_distance
steampo5wered.com,edit_distance
steampo6ered.com,edit_distance
steampo6wered.com,edit_distance
steampo7ered.com,edit_distance
steampo7wered.com,edit_distance
steampo8ered.com,edit_distance
steampo8wered.com,edit_distance
steampo9ered.com,edit_distance
steampo9wered.com,edit_distance
steampoaered.com,edit_distance
steampoawered.com,edit_distance
steampobered.com,edit_distance
steampobwered.com,edit_distance
steampocered.com,edit_distance
steampocwered.com,edit_distance
steampodered.com,edit_distance
steampodwered.com,edit_distance
steampoeered.com,edit_distance
steampoered.com,edit_distance
steampoewered.com,edit_distance
steampoewred.com,edit_distance
steampofered.com,edit_distance
steampofwered.com,edit_distance
steampogered.com,edit_distance
steampogwered.com,edit_distance
steampohered.com,edit_distance
steampohwered.com,edit_distance
steampoiered.com,edit_distance
steampoiwered.com,edit_distance
steampojered.com,edit_distance
steampojwered.com,edit_distance
steampokered.com,edit_distance
steampokwered.com,edit_distance
steampolered.com,edit_distance
steampolwered.com,edit_distance
steampomered.com,edit_distance
steampommunity.com,edit_distance
steampomwered.com,edit_distance
steamponered.com,edit_distance
steamponwered.com,edit_distance
steampooered.com,edit_distance
steampoowered.com,edit_distance
steampopered.com,edit_distance
steampopwered.com,edit_distance
steampoqered.com,edit_distance
steampoqwered.com,edit_distance
steamporered.com,edit_distance
steamporwered.com,edit_distance
steamposered.com,edit_distance
steamposwered.com,edit_distance
steampotered.com,edit_distance
steampotwered.com,edit_distance
steampouered.com,edit_distance
steampouwered.com,edit_distance
steampovered.com,edit_distance
steampovvered.com,homoglyph
steampovwered.com,edit_distance
steampow-ered.com,edit_distance
steampow-red.com,edit_distance
steampow0ered.com,edit_distance
steampow0red.com,edit_distance
steampow1ered.com,edit_distance
steampow1red.com,edit_distance
steampow2ered.com,edit_distance
steampow2red.com,edit_distance
steampow3ered.com,edit_distance
steampow3red.com,homoglyph
steampow4ered.com,edit_distance
steampow4red.com,edit_distance
steampow5ered.com,edit_distance
steampow5red.com,edit_distance
steampow6ered.com,edit_distance
steampow6red.com,edit_distance
steampow7ered.com,edit_distance
steampow7red.com,edit_distance
steampow8ered.com,edit_distance
steampow8red.com,edit_distance
steampow9ered.com,edit_distance
steampow9red.com,edit_distance
steampowaered.com,edit_distance
steampowared.com,edit_distance
steampowbered.com,edit_distance
steampowbred.com,edit_distance
steampowcered.com,edit_distance
steampowcred.com,edit_distance
steampowdered.com,edit_distance
steampowdred.com,edit_distance
steampowe-ed.com,edit_distance
steampowe-red.com,edit_distance
steampowe.red.com,edit_distance
steampowe0ed.com,edit_distance
steampowe0red.com,edit_distance
steampowe1ed.com,edit_distance
steampowe1red.com,edit_distance
steampowe2ed.com,edit_distance
steampowe2red.com,edit_distance
steampowe3ed.com,edit_distance
steampowe3red.com,edit_distance
steampowe4ed.com,edit_distance
steampowe4red.com,edit_distance
steampowe5ed.com,edit_distance
steampowe5red.com,edit_distance
steampowe6ed.com,edit_distance
steampowe6red.com,edit_distance
steampowe7ed.com,edit_distance
steampowe7red.com,edit_distance
steampowe8ed.com,edit_distance
steampowe8red.com,edit_distance
steampowe9ed.com,edit_distance
steampowe9red.com,edit_distance
steampoweaed.com,edit_distance
steampoweared.com,edit_distance
steampowebed.com,edit_distance
steampowebred.com,edit_distance
steampoweced.com,edit_distance
steampowecred.com,edit_distance
steampoweded.com,edit_distance
steampowedred.com,edit_distance
steampoweed.com,edit_distance
steampoweeed.com,edit_distance
steampoweerd.com,edit_distance
steampoweered.com,edit_distance
steampowefed.com,edit_distance
steampowefred.com,edit_distance
steampoweged.com,edit_distance
steampowegred.com,edit_distance
steampowehed.com,edit_distance
steampowehred.com,edit_distance
steampoweied.com,edit_distance
steampoweired.com,edit_distance
steampowejed.com,edit_distance
steampowejred.com,edit_distance
steampoweked.com,edit_distance
steampowekred.com,edit_distance
steampoweled.com,edit_distance
steampowelred.com,edit_distance
steampowemed.com,edit_distance
steampowemred.com,edit_distance
steampowened.com,edit_distance
steampowenred.com,edit_distance
steampoweoed.com,edit_distance
steampoweored.com,edit_distance
steampoweped.com,edit_distance
steampowepred.com,edit_distance
steampoweqed.com,edit_distance
steampoweqred.com,edit_distance
steampower-d.com,edit_distance
steampower-ed.com,edit_distance
steampower.ed.com,edit_distance
steampower0d.com,edit_distance
steampower0ed.com,edit_distance
steampower1d.com,edit_distance
steampower1ed.com,edit_distance
steampower2d.com,edit_distance
steampower2ed.com,edit_distance
steampower3d.com,homoglyph
steampower3ed.com,edit_distance
steampower4d.com,edit_distance
steampower4ed.com,edit_distance
steampower5d.com,edit_distance
steampower5ed.com,edit_distance
steampower6d.com,edit_distance
steampower6ed.com,edit_distance
steampower7d.com,edit_distance
steampower7ed.com,edit_distance
steampower8d.com,edit_distance
steampower8ed.com,edit_distance
steampower9d.com,edit_distance
steampower9ed.com,edit_distance
steampowerad.com,edit_distance
steampoweraed.com,edit_distance
steampowerbd.com,edit_distance
steampowerbed.com,edit_distance
steampowercd.com,edit_distance
steampowerced.com,edit_distance
steampowerd.com,edit_distance
steampowerdd.com,edit_distance
steampowerde.com,edit_distance
steampowerded.com,edit_distance
steampowere-d.com,edit_distance
steampowere.com,edit_distance
steampowere.d.com,edit_distance
steampowere0.com,edit_distance
steampowere0d.com,edit_distance
steampowere1.com,edit_distance
steampowere1d.com,edit_distance
steampowere2.com,edit_distance
steampowere2d.com,edit_distance
steampowere3.com,edit_distance
steampowere3d.com,edit_distance
steampowere4.com,edit_distance
steampowere4d.com,edit_distance
steampowere5.com,edit_distance
steampowere5d.com,edit_distance
steampowere6.com,edit_distance
steampowere6d.com,edit_distance
steampowere7.com,edit_distance
steampowere7d.com,edit_distance
steampowere8.com,edit_distance
steampowere8d.com,edit_distance
steampowere9.com,edit_distance
steampowere9d.com,edit_distance
steampowerea.com,edit_distance
steampoweread.com,edit_distance
steampowereb.com,edit_distance
steampowerebd.com,edit_distance
steampowerec.com,edit_distance
steampowerecd.com,edit_distance
steampowerecl.com,edit_distance
steampowered.app,edit_distance
steampowered.biz,edit_distance
steampowered.cc,edit_distance
steampowered.cf,edit_distance
steampowered.club,edit_distance
steampowered.cm,edit_distance
steampowered.cn,edit_distance
steampowered.co,edit_distance
steampowered.fun,edit_distance
steampowered.ga,edit_distance
steampowered.gq,edit_distance
steampowered.icu,edit_distance
steampowered.info,edit_distance
steampowered.io,edit_distance
steampowered.live,edit_distance
steampowered.ml,edit_distance
steampowered.net,edit_distance
steampowered.om,edit_distance
steampowered.online,edit_distance
steampowered.org,edit_distance
steampowered.pw,edit_distance
steampowered.ru,edit_distance
steampowered.shop,edit_distance
steampowered.site,edit_distance
steampowered.store,edit_distance
steampowered.su,edit_distance
steampowered.tk,edit_distance
steampowered.top,edit_distance
steampowered.vip,edit_distance
steampowered.xyz,edit_distance
steampowered0.com,edit_distance
steampowered1.com,edit_distance
steampowered2.com,edit_distance
steampowered3.com,edit_distance
steampowered4.com,edit_distance
steampowered5.com,edit_distance
steampowered6.com,edit_distance
steampowered7.com,edit_distance
steampowered8.com,edit_distance
steampowered9.com,edit_distance
steampowereda.com,edit_distance
steampoweredb.com,edit_distance
steampoweredc.com,edit_distance
steampoweredd.com,edit_distance
steampowerede.com,edit_distance
steampoweredf.com,edit_distance
steampoweredg.com,edit_distance
steampoweredh.com,edit_distance
steampoweredi.com,edit_distance
steampoweredj.com,edit_distance
steampoweredk.com,edit_distance
steampoweredl.com,edit_distance
steampoweredm.com,edit_distance
steampoweredn.com,edit_distance
steampoweredo.com,edit_distance
steampoweredp.com,edit_distance
steampoweredq.com,edit_distance
steampoweredr.com,edit_distance
steampowereds.com,edit_distance
steampoweredt.com,edit_distance
steampoweredu.com,edit_distance
steampoweredv.com,edit_distance
steampoweredw.com,edit_distance
steampoweredx.com,edit_distance
steampoweredy.com,edit_distance
steampoweredz.com,edit_distance
steampoweree.com,edit_distance
steampowereed.com,edit_distance
steampoweref.com,edit_distance
steampowerefd.com,edit_distance
steampowereg.com,edit_distance
steampoweregd.com,edit_distance
steampowereh.com,edit_distance
steampowerehd.com,edit_distance
steampowerei.com,edit_distance
steampowereid.com,edit_distance
steampowerej.com,edit_distance
steampowerejd.com,edit_distance
steampowerek.com,edit_distance
steampowerekd.com,edit_distance
steampowerel.com,edit_distance
steampowereld.com,edit_distance
steampowerem.com,edit_distance
steampoweremd.com,edit_distance
steampoweren.com,edit_distance
steampowerend.com,edit_distance
steampowereo.com,edit_distance
steampowereod.com,edit_distance
steampowerep.com,edit_distance
steampowerepd.com,edit_distance
steampowereq.com,edit_distance
steampowereqd.com,edit_distance
steampowerer.com,edit_distance
steampowererd.com,edit_distance
steampoweres.com,edit_distance
steampoweresd.com,edit_distance
steampoweret.com,edit_distance
steampoweretd.com,edit_distance
steampowereu.com,edit_distance
steampowereud.com,edit_distance
steampowerev.com,edit_distance
steampowerevd.com,edit_distance
steampowerew.com,edit_distance
steampowerewd.com,edit_distance
steampowerex.com,edit_distance
steampowerexd.com,edit_distance
steampowerey.com,edit_distance
steampowereyd.com,edit_distance
steampowerez.com,edit_distance
steampowerezd.com,edit_distance
steampowerfd.com,edit_distance
steampowerfed.com,edit_distance
steampowergd.com,edit_distance
steampowerged.com,edit_distance
steampowerhd.com,edit_distance
steampowerhed.com,edit_distance
steampowerid.com,edit_distance
steampoweried.com,edit_distance
steampowerjd.com,edit_distance
steampowerjed.com,edit_distance
steampowerkd.com,edit_distance
steampowerked.com,edit_distance
steampowerld.com,edit_distance
steampowerled.com,edit_distance
steampowermd.com,edit_distance
steampowermed.com,edit_distance
steampowernd.com,edit_distance
steampowerned.com,edit_distance
steampowerod.com,edit_distance
steampoweroed.com,edit_distance
steampowerpd.com,edit_distance
steampowerped.com,edit_distance
steampowerqd.com,edit_distance
steampowerqed.com,edit_distance
steampowerrd.com,edit_distance
steampowerred.com,edit_distance
steampowersd.com,edit_distance
steampowersed.com,edit_distance
steampowertd.com,edit_distance
steampowerted.com,edit_distance
steampowerud.com,edit_distance
steampowerued.com,edit_distance
steampowervd.com,edit_distance
steampowerved.com,edit_distance
steampowerwd.com,edit_distance
steampowerwed.com,edit_distance
steampowerxd.com,edit_distance
steampowerxed.com,edit_distance
steampoweryd.com,edit_distance
steampoweryed.com,edit_distance
steampowerzd.com,edit_distance
steampowerzed.com,edit_distance
steampowesed.com,edit_distance
steampowesred.com,edit_distance
steampoweted.com,edit_distance
steampowetred.com,edit_distance
steampoweued.com,edit_distance
steampoweured.com,edit_distance
steampoweved.com,edit_distance
steampowevred.com,edit_distance
steampowewed.com,edit_distance
steampowewred.com,edit_distance
steampowexed.com,edit_distance
steampowexred.com,edit_distance
steampoweyed.com,edit_distance
steampoweyred.com,edit_distance
steampowezed.com,edit_distance
steampowezred.com,edit_distance
steampowfered.com,edit_distance
steampowfred.com,edit_distance
steampowgered.com,edit_distance
steampowgred.com,edit_distance
steampowhered.com,edit_distance
steampowhred.com,edit_distance
steampowiered.com,edit_distance
steampowired.com,edit_distance
steampowjered.com,edit_distance
steampowjred.com,edit_distance
steampowkered.com,edit_distance
steampowkred.com,edit_distance
steampowlered.com,edit_distance
steampowlred.com,edit_distance
steampowmered.com,edit_distance
steampowmred.com,edit_distance
steampownered.com,edit_distance
steampownred.com,edit_distance
steampowoered.com,edit_distance
steampowored.com,edit_distance
steampowpered.com,edit_distance
steampowpred.com,edit_distance
steampowqered.com,edit_distance
steampowqred.com,edit_distance
steampowred.com,edit_distance
steampowreed.com,edit_distance
steampowrered.com,edit_distance
steampowrred.com,edit_distance
steampowsered.com,edit_distance
steampowsred.com,edit_distance
steampowtered.com,edit_distance
steampowtred.com,edit_distance
steampowuered.com,edit_distance
steampowured.com,edit_distance
steampowvered.com,edit_distance
steampowvred.com,edit_distance
steampowwered.com,edit_distance
steampowwred.com,edit_distance
steampowxered.com,edit_distance
steampowxred.com,edit_distance
steampowyered.com,edit_distance
steampowyred.com,edit_distance
steampowzered.com,edit_distance
steampowzred.com,edit_distance
steampoxered.com,edit_distance
steampoxwered.com,edit_distance
steampoyered.com,edit_distance
steampoywered.com,edit_distance
steampozered.com,edit_distance
steampozwered.com,edit_distance
steamppowered.com,edit_distance
steamppwered.com,edit_distance
steampqowered.com,edit_distance
steampqwered.com,edit_distance
steamprowered.com,edit_distance
steamprwered.com,edit_distance
steampsowered.com,edit_distance
steampswered.com,edit_distance
steamptowered.com,edit_distance
steamptwered.com,edit_distance
steampuowered.com,edit_distance
steampuwered.com,edit_distance
steampvowered.com,edit_distance
steampvwered.com,edit_distance
steampwered.com,edit_distance
steampwoered.com,edit_distance
steampwowered.com,edit_distance
steampwwered.com,edit_distance
steampxowered.com,edit_distance
steampxwered.com,edit_distance
steampyowered.com,edit_distance
steampywered.com,edit_distance
steampzowered.com,edit_distance
steampzwered.com,edit_distance
steamqcommunity.com,edit_distance
steamqommunity.com,edit_distance
steamqowered.com,edit_distance
steamqpowered.com,edit_distance
steamrcommunity.com,edit_distance
steamrommunity.com,edit_distance
steamrowered.com,edit_distance
steamrpowered.com,edit_distance
steamscommunity.com,edit_distance
steamsommunity.com,edit_distance
steamsowered.com,edit_distance
steamspowered.com,edit_distance
steamtcommunity.com,edit_distance
steamtommunity.com,edit_distance
steamtowered.com,edit_distance
steamtpowered.com,edit_distance
steamucommunity.com,edit_distance
steamuommunity.com,edit_distance
steamuowered.com,edit_distance
steamupowered.com,edit_distance
steamvcommunity.com,edit_distance
steamvommunity.com,edit_distance
steamvowered.com,edit_distance
steamvpowered.com,edit_distance
steamwcommunity.com,edit_distance
steamwommunity.com,edit_distance
steamwowered.com,edit_distance
steamwpowered.com,edit_distance
steamxcommunity.com,edit_distance
steamxommunity.com,edit_distance
steamxowered.com,edit_distance
steamxpowered.com,edit_distance
steamycommunity.com,edit_distance
steamyommunity.com,edit_distance
steamyowered.com,edit_distance
steamypowered.com,edit_distance
steamzcommunity.com,edit_distance
steamzommunity.com,edit_distance
steamzowered.com,edit_distance
steamzpowered.com,edit_distance
steancommunity.com,edit_distance
steanmcommunity.com,edit_distance
steanmpowered.com,edit_distance
steanpowered.com,edit_distance
steaocommunity.com,edit_distance
steaomcommunity.com,edit_distance
steaompowered.com,edit_distance
steaopowered.com,edit_distance
steapcommunity.com,edit_distance
steapmcommunity.com,edit_distance
steapmowered.com,edit_distance
steapmpowered.com,edit_distance
steapowered.com,edit_distance
steappowered.com,edit_distance
steaqcommunity.com,edit_distance
steaqmcommunity.com,edit_distance
steaqmpowered.com,edit_distance
steaqpowered.com,edit_distance
stearcommunity.com,edit_distance
stearmcommunity.com,edit_distance
stearmpowered.com,edit_distance
stearncommunity.com,homoglyph
stearnpowered.com,homoglyph
stearpowered.com,edit_distance
steascommunity.com,edit_distance
steasmcommunity.com,edit_distance
steasmpowered.com,edit_distance
steaspowered.com,edit_distance
steatcommunity.com,edit_distance
steatmcommunity.com,edit_distance
steatmpowered.com,edit_distance
steatpowered.com,edit_distance
steaucommunity.com,edit_distance
steaumcommunity.com,edit_distance
steaumpowered.com,edit_distance
steaupowered.com,edit_distance
steavcommunity.com,edit_distance
steavmcommunity.com,edit_distance
steavmpowered.com,edit_distance
steavpowered.com,edit_distance
steawcommunity.com,edit_distance
steawmcommunity.com,edit_distance
steawmpowered.com,edit_distance
steawpowered.com,edit_distance
steaxcommunity.com,edit_distance
steaxmcommunity.com,edit_distance
steaxmpowered.com,edit_distance
steaxpowered.com,edit_distance
steaycommunity.com,edit_distance
steaymcommunity.com,edit_distance
steaympowered.com,edit_distance
steaypowered.com,edit_distance
steazcommunity.com,edit_distance
steazmcommunity.com,edit_distance
steazmpowered.com,edit_distance
steazpowered.com,edit_distance
stebamcommunity.com,edit_distance
stebampowered.com,edit_distance
stebmcommunity.com,edit_distance
stebmpowered.com,edit_distance
stecamcommunity.com,edit_distance
stecampowered.com,edit_distance
stecmcommunity.com,edit_distance
stecmpowered.com,edit_distance
stedamcommunity.com,edit_distance
stedampowered.com,edit_distance
stedmcommunity.com,edit_distance
stedmpowered.com,edit_distance
steeamcommunity.com,edit_distance
steeampowered.com,edit_distance
steemcommunity.com,edit_distance
steempowered.com,edit_distance
stefamcommunity.com,edit_distance
stefampowered.com,edit_distance
stefmcommunity.com,edit_distance
stefmpowered.com,edit_distance
stegamcommunity.com,edit_distance
stegampowered.com,edit_distance
stegmcommunity.com,edit_distance
stegmpowered.com,edit_distance
stehamcommunity.com,edit_distance
stehampowered.com,edit_distance
stehmcommunity.com,edit_distance
stehmpowered.com,edit_distance
steiamcommunity.com,edit_distance
steiampowered.com,edit_distance
steimcommunity.com,edit_distance
steimpowered.com,edit_distance
stejamcommunity.com,edit_distance
stejampowered.com,edit_distance
stejmcommunity.com,edit_distance
stejmpowered.com,edit_distance
stekamcommunity.com,edit_distance
stekampowered.com,edit_distance
stekmcommunity.com,edit_distance
stekmpowered.com,edit_distance
stelamcommunity.com,edit_distance
stelampowered.com,edit_distance
stelmcommunity.com,edit_distance
stelmpowered.com,edit_distance
stemacommunity.com,edit_distance
stemamcommunity.com,edit_distance
stemampowered.com,edit_distance
stemapowered.com,edit_distance
stemcommunity.com,edit_distance
stemmcommunity.com,edit_distance
stemmpowered.com,edit_distance
stempowered.com,edit_distance
stenamcommunity.com,edit_distance
stenampowered.com,edit_distance
stenmcommunity.com,edit_distance
stenmpowered.com,edit_distance
steoamcommunity.com,edit_distance
steoampowered.com,edit_distance
steomcommunity.com,edit_distance
steompowered.com,edit_distance
stepamcommunity.com,edit_distance
stepampowered.com,edit_distance
stepmcommunity.com,edit_distance
stepmpowered.com,edit_distance
steqamcommunity.com,edit_distance
steqampowered.com,edit_distance
steqmcommunity.com,edit_distance
steqmpowered.com,edit_distance
steramcommunity.com,edit_distance
sterampowered.com,edit_distance
stermcommunity.com,edit_distance
stermpowered.com,edit_distance
stesamcommunity.com,edit_distance
stesampowered.com,edit_distance
stesmcommunity.com,edit_distance
stesmpowered.com,edit_distance
stetamcommunity.com,edit_distance
stetampowered.com,edit_distance
stetmcommunity.com,edit_distance
stetmpowered.com,edit_distance
steuamcommunity.com,edit_distance
steuampowered.com,edit_distance
steumcommunity.com,edit_distance
steumpowered.com,edit_distance
stevamcommunity.com,edit_distance
stevampowered.com,edit_distance
stevmcommunity.com,edit_distance
stevmpowered.com,edit_distance
stewamcommunity.com,edit_distance
stewampowered.com,edit_distance
stewmcommunity.com,edit_distance
stewmpowered.com,edit_distance
stexamcommunity.com,edit_distance
stexampowered.com,edit_distance
stexmcommunity.com,edit_distance
stexmpowered.com,edit_distance
steyamcommunity.com,edit_distance
steyampowered.com,edit_distance
steymcommunity.com,edit_distance
steympowered.com,edit_distance
stezamcommunity.com,edit_distance
stezampowered.com,edit_distance
stezmcommunity.com,edit_distance
stezmpowered.com,edit_distance
stfamcommunity.com,edit_distance
stfampowered.com,edit_distance
stfeamcommunity.com,edit_distance
stfeampowered.com,edit_distance
stgamcommunity.com,edit_distance
stgampowered.com,edit_distance
stgeamcommunity.com,edit_distance
stgeampowered.com,edit_distance
sthamcommunity.com,edit_distance
sthampowered.com,edit_distance
stheamcommunity.com,edit_distance
stheampowered.com,edit_distance
stiamcommunity.com,edit_distance
stiampowered.com,edit_distance
stieamcommunity.com,edit_distance
stieampowered.com,edit_distance
stjamcommunity.com,edit_distance
stjampowered.com,edit_distance
stjeamcommunity.com,edit_distance
stjeampowered.com,edit_distance
stkamcommunity.com,edit_distance
stkampowered.com,edit_distance
stkeamcommunity.com,edit_distance
stkeampowered.com,edit_distance
stlamcommunity.com,edit_distance
stlampowered.com,edit_distance
stleamcommunity.com,edit_distance
stleampowered.com,edit_distance
stmamcommunity.com,edit_distance
stmampowered.com,edit_distance
stmeamcommunity.com,edit_distance
stmeampowered.com,edit_distance
stnamcommunity.com,edit_distance
stnampowered.com,edit_distance
stneamcommunity.com,edit_distance
stneampowered.com,edit_distance
stoamcommunity.com,edit_distance
stoampowered.com,edit_distance
stoeamcommunity.com,edit_distance
stoeampowered.com,edit_distance
stpamcommunity.com,edit_distance
stpampowered.com,edit_distance
stpeamcommunity.com,edit_distance
stpeampowered.com,edit_distance
stqamcommunity.com,edit_distance
stqampowered.com,edit_distance
stqeamcommunity.com,edit_distance
stqeampowered.com,edit_distance
stramcommunity.com,edit_distance
strampowered.com,edit_distance
streamcommunity.com,edit_distance
streampowered.com,edit_distance
stsamcommunity.com,edit_distance
stsampowered.com,edit_distance
stseamcommunity.com,edit_distance
stseampowered.com,edit_distance
sttamcommunity.com,edit_distance
sttampowered.com,edit_distance
stteamcommunity.com,edit_distance
stteampowered.com,edit_distance
stuamcommunity.com,edit_distance
stuampowered.com,edit_distance
stueamcommunity.com,edit_distance
stueampowered.com,edit_distance
stvamcommunity.com,edit_distance
stvampowered.com,edit_distance
stveamcommunity.com,edit_distance
stveampowered.com,edit_distance
stwamcommunity.com,edit_distance
stwampowered.com,edit_distance
stweamcommunity.com,edit_distance
stweampowered.com,edit_distance
stxamcommunity.com,edit_distance
stxampowered.com,edit_distance
stxeamcommunity.com,edit_distance
stxeampowered.com,edit_distance
styamcommunity.com,edit_distance
styampowered.com,edit_distance
styeamcommunity.com,edit_distance
styeampowered.com,edit_distance
stzamcommunity.com,edit_distance
stzampowered.com,edit_distance
stzeamcommunity.com,edit_distance
stzeampowered.com,edit_distance
sueamcommunity.com,edit_distance
sueampowered.com,edit_distance
suteamcommunity.com,edit_distance
suteampowered.com,edit_distance
sveamcommunity.com,edit_distance
sveampowered.com,edit_distance
svteamcommunity.com,edit_distance
svteampowered.com,edit_distance
sweamcommunity.com,edit_distance
sweampowered.com,edit_distance
swteamcommunity.com,edit_distance
swteampowered.com,edit_distance
sxeamcommunity.com,edit_distance
sxeampowered.com,edit_distance
sxteamcommunity.com,edit_distance
sxteampowered.com,edit_distance
syeamcommunity.com,edit_distance
syeampowered.com,edit_distance
syteamcommunity.com,edit_distance
syteampowered.com,edit_distance
szeamcommunity.com,edit_distance
szeampowered.com,edit_distance
szteamcommunity.com,edit_distance
szteampowered.com,edit_distance
teamcommunity.com,edit_distance
teampowered.com,edit_distance
tseamcommunity.com,edit_distance
tseampowered.com,edit_distance
tsteamcommunity.com,edit_distance
tsteampowered.com,edit_distance
tteamcommunity.com,edit_distance
tteampowered.com,edit_distance
usteamcommunity.com,edit_distance
usteampowered.com,edit_distance
uteamcommunity.com,edit_distance
uteampowered.com,edit_distance
vsteamcommunity.com,edit_distance
vsteampowered.com,edit_distance
vteamcommunity.com,edit_distance
vteampowered.com,edit_distance
wsteamcommunity.com,edit_distance
wsteampowered.com,edit_distance
wteamcommunity.com,edit_distance
wteampowered.com,edit_distance
xn--seamcommunity-38k.com,homoglyph
xn--seampowered-4oj.com,homoglyph
xn--stamcommunity-qnj.com,homoglyph
xn--stamcommunity-x3k.com,homoglyph
xn--stampowered-pkj.com,homoglyph
xn--stampowered-tbi.com,homoglyph
xn--steacommunity-s6k.com,homoglyph
xn--steamcmmunity-n7k.com,homoglyph
xn--steamcmmunity-urj.com,homoglyph
xn--steamcommunit-8mj.com,homoglyph
xn--steamcommunit-u9k.com,homoglyph
xn--steamcommuniy-f9k.com,homoglyph
xn--steamcommunty-eil.com,homoglyph
xn--steamcommunty-svm.com,homoglyph
xn--steamcomunity-v6k.com,homoglyph
xn--steamcomunity-w6k.com,homoglyph
xn--steamommunity-ftj.com,homoglyph
xn--steamommunity-t8k.com,homoglyph
xn--steamowered-0fi.com,homoglyph
xn--steamowered-koj.com,homoglyph
xn--steampoered-eul.com,homoglyph
xn--steampowerd-1bi.com,homoglyph
xn--steampowerd-xkj.com,homoglyph
xn--steampowere-wkl.com,homoglyph
xn--steampowred-vkj.com,homoglyph
xn--steampowred-zbi.com,homoglyph
xn--steampwered-dfi.com,homoglyph
xn--steampwered-wnj.com,homoglyph
xn--steapowered-5mj.com,homoglyph
xn--stemcommunity-5lj.com,homoglyph
xn--stemcommunity-y1k.com,homoglyph
xn--stempowered-0ij.com,homoglyph
xn--stempowered-h9h.com,homoglyph
xn--teamcommunity-ohl.com,homoglyph
xn--teampowered-mvj.com,homoglyph
xsteamcommunity.com,edit_distance
xsteampowered.com,edit_distance
xteamcommunity.com,edit_distance
xteampowered.com,edit_distance
ysteamcommunity.com,edit_distance
ysteampowered.com,edit_distance
yteamcommunity.com,edit_distance
yteampowered.com,edit_distance
zsteamcommunity.com,edit_distance
zsteampowered.com,edit_distance
zteamcommunity.com,edit_distance
zteampowered.com,edit_distance
